Alabama,Montgomery,Carson City,Hartford
Alaska,Juneau,Little Rock,Concord
Arizona,Phoenix,Jefferson City,Lansing
Arkansas,Little Rock,Annapolis,Albany
California,Sacramento,Honolulu,Raleigh
Colorado,Denver,Springfield,Dover
Connecticut,Hartford,Bismarck,Baton Rouge
Delaware,Dover,Austin,Topeka
Florida,Tallahassee,Boise,Trenton
Georgia,Atlanta,Nashville,Salt Lake City
Hawaii,Honolulu,Olympia,Madison
Idaho,Boise,Augusta,Cheyenne
Illinois,Springfield,Santa Fe,Frankfort
Indiana,Indianapolis,Denver,Columbia
Iowa,Des Moines,Richmond,Charleston
Kansas,Topeka,Harrisburg,Salem
Kentucky,Frankfort,Atlanta,Helena
Louisiana,Baton Rouge,Columbus,Saint Paul
Maine,Augusta,Phoenix,Nashville
Maryland,Annapolis,Helena,Denver
Massachusetts,Boston,Little Rock,Salt Lake City
Michigan,Lansing,Sacramento,Madison
Minnesota,Saint Paul,Providence,Indianapolis
Mississippi,Jackson,Columbus,Richmond
Missouri,Jefferson City,Carson City,Cheyenne
Montana,Helena,Topeka,Bismarck
Nebraska,Lincoln,Jefferson City,Augusta
Nevada,Carson City,Charleston,Harrisburg
New Hampshire,Concord,Santa Fe,Providence
New Jersey,Trenton,Saint Paul,Springfield
New Mexico,Santa Fe,Salt Lake City,Boston
New York,Albany,Des Moines,Atlanta
North Carolina,Raleigh,Austin,Little Rock
North Dakota,Bismarck,Phoenix,Concord
Ohio,Columbus,Harrisburg,Boise
Oklahoma,Oklahoma City,Sacramento,Indianapolis
Oregon,Salem,Raleigh,Denver
Pennsylvania,Harrisburg,Richmond,Trenton
Rhode Island,Providence,Jefferson City,Helena
South Carolina,Columbia,Nashville,Carson City
South Dakota,Pierre,Tallahassee,Lincoln
Tennessee,Nashville,Salem,Boston
Texas,Austin,Raleigh,Harrisburg
Utah,Salt Lake City,Providence,Annapolis
Vermont,Montpelier,Columbus,Santa Fe
Virginia,Richmond,Tallahassee,Helena
Washington,Olympia,Dover,Augusta
West Virginia,Charleston,Madison,Nashville
Wisconsin,Madison,Harrisburg,Lincoln
Wyoming,Cheyenne,Topeka,Baton Rouge